CODIGO_CONTABLE,NOMBRE_CUENTA,TIPO,GRUPO,PADRE JULIAN LORENTE LTDA,
1,ACTIVO,1,1,110222338.15,
11,FONDOS DISPONIBLES,1,2,11982357.03,
1101,Caja,1,4,3446027.49,
110105,Efectivo,1,6,3444249.98,
110110,Caja chica,1,6,1777.51,
1102,Depósitos para encaje,1,4,0,
110205,Banco Central del Ecuador,1,6,0,
1103,Bancos y otras instituciones financieras,1,4,8535069.54,
110305,Banco Central del Ecuador,1,6,4213908.45,
110310,Bancos e instituciones financieras locales,1,6,2546233.29,
110315,Bancos e instituciones financieras del exterior,1,6,0,
110320,Instituciones del sector financiero popular y solidario,1,6,1774927.8,
1104,Efectos de cobro inmediato,1,4,1260,
110401,Efectos de cobro inmediato,1,6,1260,
1105,Remesas en tránsito,1,4,0,
110505,Del país,1,6,0,
110510,Del exterior,1,6,0,
12,OPERACIONES INTERFINANCIERAS,1,2,0,
1201,Fondos interfinancieros vendidos,1,4,0,
120105,Bancos,1,6,0,
120110,Otras instituciones del sistema financiero,1,6,0,
120115,Instituciones del sector financiero popular y solidario,1,6,0,
1202,Operaciones de reporto con instituciones financieras,1,4,0,
120205,Instituciones financieras públicas,1,6,0,
120210,Bancos,1,6,0,
120215,Otras instituciones del sistema financiero,1,6,0,
120220,Instituciones del sector financiero popular y solidario,1,6,0,
1299,(Provisión para operaciones interfinancieras y de reporto),1,4,0,
129905,(Provisión fondos interfinancieros vendidos),1,6,0,
129910,(Provisión para operaciones de reporto con instituciones financieras),1,6,0,
13,INVERSIONES,1,2,7336921.39,
1301,A valor razonable con cambios en el estado de resultados de entidades del sector privado y sector financiero popular y solidario,1,4,0,
130105,De 1 a 30 días sector privado,1,6,0,
130110,De 31 a 90 días sector privado,1,6,0,
130115,De 91 a 180 días sector privado,1,6,0,
130120,De 181 a 360 días sector privado,1,6,0,
130125,De más de 360 días sector privado,1,6,0,
130150,De 1 a 30 días sector financiero popular y solidario,1,6,0,
130155,De 31 a 90 días sector financiero popular y solidario,1,6,0,
130160,De 91 a 180 días sector financiero popular y solidario,1,6,0,
130165,De 181 a 360 días sector financiero popular y solidario,1,6,0,
130170,De más de 360 días sector financiero popular y solidario,1,6,0,
1302,A valor razonable con cambios en el estado de resultados del Estado o de entidades del sector público,1,4,0,
130205,De 1 a 30 días,,,0,
130210,De 31 a 90 días,1,6,0,
130215,De 91 a 180 días,1,6,0,
130220,De 181 a 360 días,1,6,0,
130225,De más de 360 días,1,6,0,
1303,Disponibles para la venta de entidades del sector privado y sector financiero popular y solidario,1,4,0,
130305,De 1 a 30 días sector privado,1,6,0,
130310,De 31 a 90 días sector privado,1,6,0,
130315,De 91 a 180 días sector privado,1,6,0,
130320,De 181 a 360 días sector privado,1,6,0,
130325,De más de 360 días sector privado,1,6,0,
130350,De 1 a 30 días sector financiero popular y solidario,1,6,0,
130355,De 31 a 90 días sector financiero popular y solidario,1,6,0,
130360,De 91 a 180 días sector financiero popular y solidario,1,6,0,
130365,De 181 a 360 días sector financiero popular y solidario,1,6,0,
130370,De más de 360 días sector financiero popular y solidario,1,6,0,
1304,Disponibles para la venta del Estado o de entidades del sector público,1,4,0,
130405,De 1 a 30 días,,,0,
130410,De 31 a 90 días,1,6,0,
130415,De 91 a 180 días,1,6,0,
130420,De 181 a 360 días,1,6,0,
130425,De más de 360 días,1,6,0,
1305,Mantenidas hasta su vencimiento de entidades del sector privado y sector financiero popular y solidario,1,4,7336921.39,
130505,De 1 a 30 días sector privado,1,6,318839.74,
130510,De 31 a 90 días sector privado,1,6,1087381.98,
130515,De 91 a 180 días sector privado,1,6,1000000,
130520,De 181 días a 1 año sector privado,1,6,0,
130525,De 1 a 3 años sector privado,1,6,0,
130530,De 3 a 5 años sector privado,1,6,0,
130535,De 5 a 10 años sector privado,1,6,0,
130540,De más de 10 años sector privado,1,6,0,
130550,De 1 a 30 días sector financiero popular y solidario,1,6,1077871.36,
130555,De 31 a 90 días sector financiero popular y solidario,1,6,3194004.55,
130560,De 91 a 180 días sector financiero popular y solidario,1,6,658823.76,
130565,De 181 días a 1 año sector financiero popular y solidario,1,6,0,
130570,De 1 a 3 años sector financiero popular y solidario,1,6,0,
130575,De 3 a 5 años sector financiero popular y solidario,1,6,0,
130580,De 5 a 10 años sector financiero popular y solidario,1,6,0,
130585,De más de 10 años sector financiero popular y solidario,1,6,0,
1306,Mantenidas hasta su vencimiento del Estado o de entidades del sector público,1,4,0,
130605,De 1 a 30 días,,,0,
130610,De 31 a 90 días,1,6,0,
130615,De 91 a 180 días,1,6,0,
130620,De 181 días a 1 año,1,6,0,
130625,De 1 a 3 años,1,6,0,
130630,De 3 a 5 años,1,6,0,
130635,De 5 a 10 años,1,6,0,
130640,De más de 10 años,1,6,0,
1307,De disponibilidad restringida,1,4,0,
130705,Entregadas para operaciones de reporto,1,6,0,
130710,Depósitos sujetos a restricción,1,6,0,
130720,Entregados en garantía,1,6,0,
130790,Otros,1,6,0,
1399,(Provisión para inversiones),1,4,0,
139905,(Provisión por deterioro en valuación de inversiones),1,6,0,
139910,(Provisión general para inversiones),1,6,0,
14,CARTERA DE CRÉDITOS,1,2,76743302.12,
1401,Cartera de crédito productivo por vencer,1,4,88715.78,
140105,De 1 a 30 días,,,7441.16,
140110,De 31 a 90 días,1,6,9676.42,
140115,De 91 a 180 días,1,6,12780.51,
140120,De 181 a 360 días,1,6,27838.73,
140125,De más de 360 días,1,6,30978.96,
1402,Cartera de crédito de consumo por vencer,1,4,46892165.61,
140205,De 1 a 30 días,,,1232311.68,
140210,De 31 a 90 días,1,6,2223949.64,
140215,De 91 a 180 días,1,6,3213093.01,
140220,De 181 a 360 días,1,6,6062554.51,
140225,De más de 360 días,1,6,34160256.77,
1403,Cartera de crédito inmobiliario por vencer,1,4,4811770.63,
140305,De 1 a 30 días,,,41108.36,
140310,De 31 a 90 días,1,6,77450.48,
140315,De 91 a 180 días,1,6,121305.9,
140320,De 181 a 360 días,1,6,241923.34,
140325,De más de 360 días,1,6,4329982.55,
1404,Cartera de microcrédito por vencer,1,4,26331360.14,
140405,De 1 a 30 días,,,850853.04,
140410,De 31 a 90 días,1,6,1512276.94,
140415,De 91 a 180 días,1,6,2475694.2,
140420,De 181 a 360 días,1,6,4306536.29,
140425,De más de 360 días,1,6,17185999.67,
1408,Cartera de crédito de vivienda de interés social y público por vencer,1,4,0,
140805,De 1 a 30 días,,,0,
140810,De 31 a 90 días,1,6,0,
140815,De 91 a 180 días,1,6,0,
140820,De 181 a 360 días,1,6,0,
140825,De más de 360 días,1,6,0,
1409,Cartera de crédito productivo refinanciada por vencer,1,4,0,
140905,De 1 a 30 días,,,0,
140910,De 31 a 90 días,1,6,0,
140915,De 91 a 180 días,1,6,0,
140920,De 181 a 360 días,1,6,0,
140925,De más de 360 días,1,6,0,
1410,Cartera de crédito de consumo refinanciada por vencer,1,4,208276.39,
141005,De 1 a 30 días,,,3277.36,
141010,De 31 a 90 días,1,6,5987.73,
141015,De 91 a 180 días,1,6,8128.88,
141020,De 181 a 360 días,1,6,17778.46,
141025,De más de 360 días,1,6,173103.96,
1411,Cartera de crédito inmobiliario refinanciada por vencer,1,4,60765.22,
141105,De 1 a 30 días,,,1455.87,
141110,De 31 a 90 días,1,6,2677.24,
141115,De 91 a 180 días,1,6,4139.84,
141120,De 181 a 360 días,1,6,8483.77,
141125,De más de 360 días,1,6,44008.5,
1412,Cartera de microcrédito refinanciada por vencer,1,4,59901.92,
141205,De 1 a 30 días,,,1016.67,
141210,De 31 a 90 días,1,6,2226.9,
141215,De 91 a 180 días,1,6,3078.8,
141220,De 181 a 360 días,1,6,10111.47,
141225,De más de 360 días,1,6,43468.08,
1416,Cartera de crédito de vivienda de interés social y público refinanciada por vencer,1,4,0,
141605,De 1 a 30 días,,,0,
141610,De 31 a 90 días,1,6,0,
141615,De 91 a 180 días,1,6,0,
141620,De 181 a 360 días,1,6,0,
141625,De más de 360 días,1,6,0,
1417,Cartera de crédito productivo reestructurada por vencer,1,4,0,
141705,De 1 a 30 días,,,0,
141710,De 31 a 90 días,1,6,0,
141715,De 91 a 180 días,1,6,0,
141720,De 181 a 360 días,1,6,0,
141725,De más de 360 días,1,6,0,
1418,Cartera de crédito de consumo reestructurada por vencer,1,4,51895.36,
141805,De 1 a 30 días,,,602.19,
141810,De 31 a 90 días,1,6,1013.37,
141815,De 91 a 180 días,1,6,1698.5,
141820,De 181 a 360 días,1,6,3611.21,
141825,De más de 360 días,1,6,44970.09,
1419,Cartera de crédito inmobiliario reestructurada por vencer,1,4,0,
141905,De 1 a 30 días,,,0,
141910,De 31 a 90 días,1,6,0,
141915,De 91 a 180 días,1,6,0,
141920,De 181 a 360 días,1,6,0,
141925,De más de 360 días,1,6,0,
1420,Cartera de microcrédito reestructurada por vencer,1,4,22859.95,
142005,De 1 a 30 días,,,246.18,
142010,De 31 a 90 días,1,6,480.51,
142015,De 91 a 180 días,1,6,772.67,
142020,De 181 a 360 días,1,6,1125.97,
142025,De más de 360 días,1,6,20234.62,
1424,Cartera de crédito de vivienda de interés social y público reestructurada por vencer,1,4,0,
142405,De 1 a 30 días,,,0,
142410,De 31 a 90 días,1,6,0,
142415,De 91 a 180 días,1,6,0,
142420,De 181 a 360 días,1,6,0,
142425,De más de 360 días,1,6,0,
1425,Cartera de crédito productivo que no devenga intereses,1,4,0,
142505,De 1 a 30 días,,,0,
142510,De 31 a 90 días,1,6,0,
142515,De 91 a 180 días,1,6,0,
142520,De 181 a 360 días,1,6,0,
142525,De más de 360 días,1,6,0,
1426,Cartera de crédito de consumo que no devenga intereses,1,4,463308.08,
142605,De 1 a 30 días,,,55175.99,
142610,De 31 a 90 días,1,6,31936.58,
142615,De 91 a 180 días,1,6,45187.08,
142620,De 181 a 360 días,1,6,79843.76,
142625,De más de 360 días,1,6,251164.67,
1427,Cartera de crédito inmobiliario que no devenga intereses,1,4,46163.24,
142705,De 1 a 30 días,,,342.77,
142710,De 31 a 90 días,1,6,163.08,
142715,De 91 a 180 días,1,6,275.42,
142720,De 181 a 360 días,1,6,572.08,
142725,De más de 360 días,1,6,44809.89,
1428,Cartera de microcrédito que no devenga intereses,1,4,1068365.11,
142805,De 1 a 30 días,,,110893.09,
142810,De 31 a 90 días,1,6,70841.23,
142815,De 91 a 180 días,1,6,95777.76,
142820,De 181 a 360 días,1,6,167517.03,
142825,De más de 360 días,1,6,623336,
1432,Cartera de crédito de vivienda de interés social y público que no devenga intereses,1,4,0,
143205,De 1 a 30 días,,,0,
143210,De 31 a 90 días,1,6,0,
143215,De 91 a 180 días,1,6,0,
143220,De 181 a 360 días,1,6,0,
143225,De más de 360 días,1,6,0,
1433,Cartera de crédito productivo refinanciada que no devenga intereses,1,4,0,
143305,De 1 a 30 días,,,0,
143310,De 31 a 90 días,1,6,0,
143315,De 91 a 180 días,1,6,0,
143320,De 181 a 360 días,1,6,0,
143325,De más de 360 días,1,6,0,
1434,Cartera de crédito de consumo refinanciada que no devenga intereses,1,4,60789.78,
143405,De 1 a 30 días,,,3661.8,
143410,De 31 a 90 días,1,6,2643.83,
143415,De 91 a 180 días,1,6,4137.75,
143420,De 181 a 360 días,1,6,8746.54,
143425,De más de 360 días,1,6,41599.86,
1435,Cartera de crédito inmobiliario refinanciada que no devenga intereses,1,4,0,
143505,De 1 a 30 días,,,0,
143510,De 31 a 90 días,1,6,0,
143515,De 91 a 180 días,1,6,0,
143520,De 181 a 360 días,1,6,0,
143525,De más de 360 días,1,6,0,
1436,Cartera microcrédito refinanciada que no devenga intereses,1,4,17778.1,
143605,De 1 a 30 días,,,904.93,
143610,De 31 a 90 días,1,6,568.11,
143615,De 91 a 180 días,1,6,898.15,
143620,De 181 a 360 días,1,6,2129.01,
143625,De más de 360 días,1,6,13277.9,
1440,Cartera de crédito de vivienda de interés social y público refinanciada que no devenga intereses,1,4,0,
144005,De 1 a 30 días,,,0,
144010,De 31 a 90 días,1,6,0,
144015,De 91 a 180 días,1,6,0,
144020,De 181 a 360 días,1,6,0,
144025,De más de 360 días,1,6,0,
1441,Cartera de crédito productivo reestructurada que no devenga intereses,1,4,0,
144105,De 1 a 30 días,,,0,
144110,De 31 a 90 días,1,6,0,
144115,De 91 a 180 días,1,6,0,
144120,De 181 a 360 días,1,6,0,
144125,De más de 360 días,1,6,0,
1442,Cartera de crédito de consumo reestructurada que no devenga intereses,1,4,0,
144205,De 1 a 30 días,,,0,
144210,De 31 a 90 días,1,6,0,
144215,De 91 a 180 días,1,6,0,
144220,De 181 a 360 días,1,6,0,
144225,De más de 360 días,1,6,0,
1443,Cartera de crédito inmobiliario reestructurada que no devenga intereses,1,4,0,
144305,De 1 a 30 días,,,0,
144310,De 31 a 90 días,1,6,0,
144315,De 91 a 180 días,1,6,0,
144320,De 181 a 360 días,1,6,0,
144325,De más de 360 días,1,6,0,
1444,Cartera microcrédito reestructurada que no devenga intereses,1,4,16050.21,
144405,De 1 a 30 días,,,177.98,
144410,De 31 a 90 días,1,6,131.25,
144415,De 91 a 180 días,1,6,221.68,
144420,De 181 a 360 días,1,6,475.98,
144425,De más de 360 días,1,6,15043.32,
1448,Cartera de crédito de vivienda de interés social y público reestructurada que no devenga intereses,1,4,0,
144805,De 1 a 30 días,,,0,
144810,De 31 a 90 días,1,6,0,
144815,De 91 a 180 días,1,6,0,
144820,De 181 a 360 días,1,6,0,
144825,De más de 360 días,1,6,0,
1449,Cartera de crédito productivo vencida,1,4,5,
144905,De 1 a 30 días,,,0,
144910,De 31 a 90 días,1,6,0,
144915,De 91 a 180 días,1,6,0,
144920,De 181 a 360 días,1,6,0,
144925,De más de 360 días,1,6,5,
1450,Cartera de crédito de consumo vencida,1,4,136567.49,
145005,De 1 a 30 días,,,1,
145010,De 31 a 90 días,1,6,17762.28,
145015,De 91 a 180 días,1,6,31773.73,
145020,De 181 a 270 días,1,6,22547.05,
145025,De más de 270 días,1,6,64483.43,
1451,Cartera de crédito inmobiliario vencida,1,4,749.15,
145105,De 1 a 30 días,,,0,
145110,De 31 a 90 días,1,6,0,
145115,De 91 a 270 días,1,6,517.64,
145120,De 271 a 360 días,1,6,230.51,
145125,De 361 a 720 días,1,6,0,
145130,De más de 720 días,1,6,1,
1452,Cartera de microcrédito vencida,1,4,417050.25,
145205,De 1 a 30 días,,,0,
145210,De 31 a 90 días,1,6,40334.09,
145215,De 91 a 180 días,1,6,86651.36,
145220,De 181 a 360 días,1,6,119800.4,
145225,De más de 360 días,1,6,170264.4,
1456,Cartera de crédito de vivienda de interés social y público vencida,1,4,0,
145605,De 1 a 30 días,,,0,
145610,De 31 a 90 días,1,6,0,
145615,De 91 a 270 días,1,6,0,
145620,De 271 a 360 días,1,6,0,
145625,De 361 a 720 días,1,6,0,
145630,De más de 720 días,1,6,0,
1457,Cartera de crédito productivo refinanciada vencida,1,4,0,
145705,De 1 a 30 días,,,0,
145710,De 31 a 90 días,1,6,0,
145715,De 91 a 180 días,1,6,0,
145720,De 181 a 360 días,1,6,0,
145725,De más de 360 días,1,6,0,
1458,Cartera de crédito de consumo refinanciada vencida,1,4,9187.6,
145805,De 1 a 30 días,,,0,
145810,De 31 a 90 días,1,6,1206.73,
145815,De 91 a 180 días,1,6,3006.77,
145820,De 181 a 270 días,1,6,1865.12,
145825,De más de 270 días,1,6,3108.98,
1459,Cartera de crédito inmobiliario refinanciada vencida,1,4,0,
145905,De 1 a 30 días,,,0,
145910,De 31 a 90 días,1,6,0,
145915,De 91 a 270 días,1,6,0,
145920,De 271 a 360 días,1,6,0,
145925,De 361 a 720 días,1,6,0,
145930,De más de 720 días,1,6,0,
1460,Cartera de microcrédito refinanciada vencida,1,4,2645.74,
146005,De 1 a 30 días,,,0,
146010,De 31 a 90 días,1,6,271.53,
146015,De 91 a 180 días,1,6,797.76,
146020,De 181 a 360 días,1,6,1019.34,
146025,De más de 360 días,1,6,557.11,
1464,Cartera de crédito de vivienda de interés social y público refinanciada vencida,1,4,0,
146405,De 1 a 30 días,,,0,
146410,De 31 a 90 días,1,6,0,
146415,De 91 a 270 días,1,6,0,
146420,De 271 a 360 días,1,6,0,
146425,De 361 a 720 días,1,6,0,
146430,De más de 720 días,1,6,0,
1465,Cartera de crédito productivo reestructurada vencida,1,4,1,
146505,De 1 a 30 días,,,0,
146510,De 31 a 90 días,1,6,0,
146515,De 91 a 180 días,1,6,0,
146520,De 181 a 360 días,1,6,0,
146525,De más de 360 días,1,6,1,
1466,Cartera de crédito de consumo reestructurada vencida,1,4,3,
146605,De 1 a 30 días,,,0,
146610,De 31 a 90 días,1,6,0,
146615,De 91 a 180 días,1,6,0,
146620,De 181 a 270 días,1,6,0,
146625,De más de 270 días,1,6,3,
1467,Cartera de crédito inmobiliario reestructurada vencida,1,4,0,
146705,De 1 a 30 días,,,0,
146710,De 31 a 90 días,1,6,0,
146715,De 91 a 270 días,1,6,0,
146720,De 271 a 360 días,1,6,0,
146725,De 361 a 720 días,1,6,0,
146730,De más de 720 días,1,6,0,
1468,Cartera de microcrédito reestructurada vencida,1,4,111.09,
146805,De 1 a 30 días,,,0,
146810,De 31 a 90 días,1,6,55,
146815,De 91 a 180 días,1,6,55.09,
146820,De 181 a 360 días,1,6,0,
146825,De más de 360 días,1,6,1,
1472,Cartera de crédito de vivienda de interés social y público reestructurada vencida,1,4,0,
147205,De 1 a 30 días,,,0,
147210,De 31 a 90 días,1,6,0,
147215,De 91 a 270 días,1,6,0,
147220,De 271 a 360 días,1,6,0,
147225,De 361 a 720 días,1,6,0,
147230,De más de 720 días,1,6,0,
1473,Cartera de crédito educativo por vencer,1,4,0,
147305,De 1 a 30 días,,,0,
147310,De 31 a 90 días,1,6,0,
147315,De 91 a 180 días,1,6,0,
147320,De 181 a 360 días,1,6,0,
147325,De más de 360 días,1,6,0,
1475,Cartera de crédito educativo refinanciada por vencer,1,4,0,
147505,De 1 a 30 días,,,0,
147510,De 31 a 90 días,1,6,0,
147515,De 91 a 180 días,1,6,0,
147520,De 181 a 360 días,1,6,0,
147525,De más de 360 días,1,6,0,
1477,Cartera de crédito educativo reestructurada por vencer,1,4,0,
147705,De 1 a 30 días,,,0,
147710,De 31 a 90 días,1,6,0,
147715,De 91 a 180 días,1,6,0,
147720,De 181 a 360 días,1,6,0,
147725,De más de 360 días,1,6,0,
1479,Cartera de crédito educativo que no devenga intereses,1,4,0,
147905,De 1 a 30 días,,,0,
147910,De 31 a 90 días,1,6,0,
147915,De 91 a 180 días,1,6,0,
147920,De 181 a 360 días,1,6,0,
147925,De más de 360 días,1,6,0,
1481,Cartera de crédito educativo refinanciada que no devenga intereses,1,4,0,
148105,De 1 a 30 días,,,0,
148110,De 31 a 90 días,1,6,0,
148115,De 91 a 180 días,1,6,0,
148120,De 181 a 360 días,1,6,0,
148125,De más de 360 días,1,6,0,
1483,Cartera de crédito educativo reestructurada que no devenga intereses,1,4,0,
148305,De 1 a 30 días,,,0,
148310,De 31 a 90 días,1,6,0,
148315,De 91 a 180 días,1,6,0,
148320,De 181 a 360 días,1,6,0,
148325,De más de 360 días,1,6,0,
1485,Cartera de crédito educativo vencida,1,4,0,
148505,De 1 a 30 días,,,0,
148510,De 31 a 90 días,1,6,0,
148515,De 91 a 180 días,1,6,0,
148520,De 181 a 360 días,1,6,0,
148525,De más de 360 días,1,6,0,
1487,Cartera de crédito educativo refinanciada vencida,1,4,0,
148705,De 1 a 30 días,,,0,
148710,De 31 a 90 días,1,6,0,
148715,De 91 a 180 días,1,6,0,
148720,De 181 a 360 días,1,6,0,
148725,De más de 360 días,1,6,0,
1489,Cartera de crédito educativo reestructurada vencida,1,4,0,
148905,De 1 a 30 días,,,0,
148910,De 31 a 90 días,1,6,0,
148915,De 91 a 180 días,1,6,0,
148920,De 181 a 360 días,1,6,0,
148925,De más de 360 días,1,6,0,
1499,(Provisiones para créditos incobrables),1,4,-4023183.72,
149905,(Cartera de crédito productivo),1,6,-829.71,
149910,(Cartera de crédito de consumo),1,6,-916504.6,
149915,(Cartera de crédito inmobiliario),1,6,-46699.58,
149920,(Cartera de microcréditos),1,6,-1369390.69,
149940,(Cartera de crédito de vivienda de interés social y público ),1,6,0,
149945,(Cartera de créditos refinanciada),1,6,0,
149950,(Cartera de créditos reestructurada),1,6,-62249.03,
149955,(Cartera de créditos educativo),1,6,0,
149980,(Provisión genérica por tecnología crediticia),1,6,-377845.73,
149985,(Provisión anticíclica),1,6,0,
149987,(Provisiones no reversadas por requerimiento normativo),1,6,0,
149989,(Provisión genérica voluntaria),1,6,-1249664.38,
15,DEUDORES POR ACEPTACIÓN,1,2,0,
1501,Dentro del plazo,1,4,0,
150105,Dentro del plazo,1,6,0,
1502,Después del plazo,1,4,0,
150205,Después del plazo,1,6,0,
16,CUENTAS POR COBRAR,1,2,2101124.96,
1601,Intereses por cobrar de operaciones interfinancieras,1,4,0,
160105,Interfinancieras vendidas,1,6,0,
160110,Operaciones de reporto con instituciones financieras,1,6,0,
1602,Intereses por cobrar inversiones,1,4,123025.94,
160205,A valor razonable con cambios en el estado de resultados,1,6,0,
160210,Disponibles para la venta,1,6,0,
160215,Mantenidas hasta el vencimiento,1,6,123025.94,
160220,De disponibilidad restringida,1,6,0,
1603,Intereses por cobrar de cartera de créditos,1,4,1745341.38,
160305,Cartera de crédito productivo,1,6,3001.8,
160310,Cartera de crédito de consumo,1,6,727216.93,
160315,Cartera de crédito inmobiliario,1,6,123208.73,
160320,Cartera de microcrédito,1,6,513574.78,
160340,Cartera de crédito de vivienda de interés social y público,1,6,0,
160341,Cartera de crédito educativo,1,6,0,
160345,Cartera de créditos refinanciada,1,6,4152.15,
160350,Cartera de créditos reestructurada,1,6,374186.99,
1604,Otros intereses por cobrar,1,4,0,
1605,Comisiones por cobrar,1,4,0,
160505,CARTERA DE CRÉDITOS,1,6,0,
160510,DEUDORES POR ACEPTACIÓN,1,6,0,
160515,Operaciones contingentes,1,6,0,
160590,Otras,1,6,0,
1606,Rendimientos por cobrar de fideicomisos mercantiles,1,4,0,
1609,Garantías pagadas pendientes de recuperación,1,4,0,
160905,Créditos productivos,1,6,0,
160910,Microcréditos,1,6,0,
160990,Contingentes,1,6,0,
1611,Anticipo para adquisición de acciones,1,4,0,
1612,Inversiones vencidas,1,4,0,
1614,Pagos por cuenta de socios,1,4,212718.51,
161405,Intereses,1,6,0,
161410,Comisiones,1,6,0,
161415,Gastos por operaciones contingentes,1,6,0,
161420,Seguros,1,6,0,
161425,Impuestos,1,6,3522.02,
161430,Gastos judiciales,1,6,42435.55,
161490,Otros,1,6,166760.94,
1615,Intereses reestructurados por cobrar,1,4,0,
161505,Intereses de cartera de crédito productivo,1,6,0,
161510,Intereses de cartera de crédito de consumo,1,6,0,
161515,Intereses de cartera de crédito inmobiliario,1,6,0,
161520,Intereses de cartera de microcrédito,1,6,0,
161540,Intereses de cartera de crédito de vivienda de interés social y público,1,6,0,
161545,Intereses de cartera de crédito educativo,1,6,0,
1617,Subsidios por cobrar,1,4,0,
1619,Cuentas por cobrar por cartera de vivienda vendida al fideicomiso de titularización,1,4,0,
1690,Cuentas por cobrar varias,1,4,226265.69,
169005,Anticipos al personal,1,6,32088.17,
169010,Préstamos de fondo de reserva,1,6,0,
169015,Cheques protestados y rechazados,1,6,0,
169020,Arrendamientos,1,6,0,
169025,Establecimientos afiliados,1,6,0,
169030,Por venta de bienes y acciones,1,6,0,
169035,Juicios ejecutivos en proceso,1,6,0,
169040,Emisión y renovación de tarjetas de crédito,1,6,0,
169090,Otras,1,6,194177.52,
1699,(Provisión para cuentas por cobrar),1,4,-206226.56,
169905,(Provisión para intereses y comisiones por cobrar),1,6,-51791.12,
169910,(Provisión para otras cuentas por cobrar),1,6,-154435.44,
169915,(Provisiones para garantías pagadas),1,6,0,
17,"BIENES REALIZABLES, ADJUDICADOS POR PAGO, DE ARRENDAMIENTO MERCANTIL Y NO UTILIZADOS POR LA INSTITUCIÓN",1,2,611599.52,
1702,Bienes adjudicados por pago,1,4,0,
170205,Terrenos,1,6,0,
170210,Edificios y otros locales,1,6,0,
170215,"Mobiliario, maquinaria y equipo",1,6,0,
170220,Unidades de transporte,1,6,0,
170225,Derechos fiduciarios,1,6,0,
170230,Otros títulos valores,1,6,0,
170235,Mercaderías,1,6,0,
170250,CARTERA DE CRÉDITOS,1,6,0,
170290,Otros,1,6,0,
1705,Bienes arrendados,1,4,0,
170505,Inmuebles,1,6,0,
170510,"Muebles, enseres y equipos de oficina",1,6,0,
170515,Equipos de computación,1,6,0,
170520,Unidades de transporte,1,6,0,
170590,Otros,1,6,0,
170599,(Depreciación de bienes arrendados),1,6,0,
1706,Bienes no utilizados por la institución,1,4,611599.52,
170605,Terrenos,1,6,611599.52,
170610,Edificios,1,6,0,
170615,Otros locales,1,6,0,
170620,Remodelaciones en curso,1,6,0,
170690,Otros,1,6,0,
170699,(Depreciación de bienes no utilizados por la institución),1,6,0,
1799,"(Provisión para bienes realizables, adjudicados por pago y recuperados)",1,4,0,
179910,(Provisión para bienes adjudicados),1,6,0,
179915,(Provisión por deterioro para bienes no utilizados por la institución),1,6,0,
18,PROPIEDADES Y EQUIPO,1,2,3277742.97,
1801,Terrenos,1,4,1185400.74,
1802,Edificios,1,4,743657.76,
1803,Construcciones y remodelaciones en curso,1,4,403888.64,
1804,Otros locales,1,4,0,
1805,"Muebles, enseres y equipos de oficina",1,4,528428.6,
1806,Equipos de computación,1,4,827715.99,
1807,Unidades de transporte,1,4,86275.4,
1808,Equipos de construcción,1,4,0,
1890,Otros,1,4,1271487.73,
1899,(Depreciación acumulada),1,4,-1769111.89,
189905,(Edificios),1,6,-57400.26,
189910,(Otros locales),1,6,0,
189915,"(Muebles, enseres y equipos de oficina)",1,6,-289245.16,
189920,(Equipos de computación),1,6,-702356.75,
189925,(Unidades de transporte),1,6,-70366.82,
189930,(Equipos de construcción),1,6,0,
189940,(Otros),1,6,-649742.9,
19,OTROS ACTIVOS,1,2,8169290.16,
1901,Inversiones en acciones y participaciones,1,4,184213.18,
190105,En subsidiarias y afiliadas,1,6,0,
190110,En otras instituciones financieras,1,6,0,
190115,En compañías,1,6,0,
190120,En compañías de servicios auxiliares del sistema financiero,1,6,0,
190125,En otros organismos de integración cooperativa,1,6,184213.18,
190130,Inversiones no financieras,1,6,0,
1902,Derechos fiduciarios,1,4,6373960.3,
190205,INVERSIONES,1,6,0,
190210,Cartera de créditos por vencer,1,6,3921352.06,
190215,Cartera de créditos refinanciada por vencer,1,6,0,
190220,Cartera de créditos reestructurada por vencer,1,6,0,
190221,Cartera de créditos que no devenga intereses,1,6,0,
190225,Cartera de créditos refinanciada que no devenga intereses,1,6,0,
190226,Cartera de créditos reestructurada que no devenga intereses,1,6,0,
190230,Cartera de créditos vencida,1,6,0,
190231,Cartera de créditos refinanciada vencida,1,6,0,
190235,Cartera de créditos reestructurada vencida,1,6,0,
190240,DEUDORES POR ACEPTACIÓN,1,6,0,
190245,CUENTAS POR COBRAR,1,6,0,
190255,Bienes adjudicados por pago,1,6,0,
190265,Bienes no utilizados por la institución,1,6,0,
190270,PROPIEDADES Y EQUIPO,1,6,0,
190275,OTROS ACTIVOS,1,6,0,
190280,Inversiones en acciones y participaciones,1,6,0,
190285,FONDOS DISPONIBLES,1,6,5000,
190286,Fondos de liquidez,1,6,2447608.24,
1904,Gastos y pagos anticipados,1,4,490104.06,
190405,Intereses,1,6,0,
190410,Anticipos a terceros,1,6,186910.07,
190490,Otros,1,6,303193.99,
190499,(Amortización de gastos anticipados),1,6,0,
1905,Gastos diferidos,1,4,1037416.2,
190505,Gastos de constitución y organización,1,6,0,
190510,Gastos de instalación,1,6,577.5,
190515,Estudios,1,6,0,
190520,Programas de computación,1,6,796060.19,
190525,Gastos de adecuación,1,6,1263622.3,
190530,Plusvalía mercantil,1,6,0,
190590,Otros,1,6,44800,
190599,(Amortización acumulada gastos diferidos),1,6,-1067643.79,
1906,"Materiales, mercaderías e insumos",1,4,4761.74,
190610,Mercaderías de cooperativas,1,6,4761.74,
190615,Proveeduría,1,6,0,
1908,Transferencias internas,1,4,0,
1909,Derechos Fiduciarios recibidos por resolución del sector financiero popular y solidario,1,4,0,
190905,De activos de instituciones financieras inviables,1,6,0,
190910,De recursos provenientes de la COSEDE,1,6,0,
1990,Otros,1,4,79521.23,
199005,Impuesto al valor agregado – IVA,1,6,94.26,
199010,Otros impuestos,1,6,46499.78,
199015,Depósitos en garantía y para importaciones,1,6,11750,
199025,Faltantes de caja,1,6,0,
199090,Varias,1,6,21177.19,
1999,(Provisión para otros activos irrecuperables),1,4,-686.55,
199905,(Provisión para valuación de inversiones en acciones y participaciones),1,6,0,
199910,(Provisión para valuación de derechos fiduciarios),1,6,0,
199990,(Provisión para otros activos),1,6,-686.55,
2,PASIVOS,2,1,97087550.17,
21,OBLIGACIONES CON EL PÚBLICO,2,2,83661236.87,
2101,Depósitos a la vista,2,4,19390746.43,
210105,Depósitos monetarios que generan intereses,2,6,0,
210110,Depósitos monetarios que no generan intereses,2,6,0,
210115,Depósitos monetarios de instituciones financieras,2,6,0,
210130,Cheques certificados,2,6,0,
210131,Cheques de emergencia,2,6,0,
210135,Depósitos de ahorro,2,6,19387831.74,
210140,Otros depósitos,2,6,0,
210145,Fondos de tarjetahabientes,2,6,0,
210150,Depósitos por confirmar,2,6,1542,
210155,Depósitos de cuenta básica,2,6,1372.69,
2102,Operaciones de reporto,2,4,0,
210205,Operaciones de reporto financiero,2,6,0,
210210,Operaciones de reporto por confirmar,2,6,0,
210215,Operaciones de reporto bursátil,2,6,0,
2103,Depósitos a plazo,2,4,63561044.07,
210305,De 1 a 30 días,,,13290741.97,
210310,De 31 a 90 días,2,6,17933751.24,
210315,De 91 a 180 días,2,6,15811611.06,
210320,De 181 a 360 días,2,6,15147636.32,
210325,De más de 361 días,2,6,1377303.48,
210330,Depósitos por confirmar,2,6,0,
2104,Depósitos de garantía,2,4,0,
2105,Depósitos restringidos,2,4,709446.37,
22,OPERACIONES INTERFINANCIERAS,2,2,0,
2201,Fondos interfinancieros comprados,2,4,0,
220105,Bancos,2,6,0,
220110,Otras instituciones del sistema financiero,2,6,0,
220115,Instituciones del sector financiero popular y solidario,2,6,0,
2202,Operaciones de reporto con instituciones financieras,2,4,0,
220205,Instituciones financieras públicas,2,6,0,
220210,Bancos,2,6,0,
220215,Otras instituciones del sistema financiero,2,6,0,
220220,Instituciones del sector financiero popular y solidario,2,6,0,
2203,Operaciones por confirmar,2,4,0,
23,OBLIGACIONES INMEDIATAS,2,2,15143.16,
2301,Cheques de gerencia,2,4,0,
2302,"Giros, transferencias y cobranzas por pagar",2,4,0,
230205,Giros y transferencias,2,6,0,
230210,Cobranzas,2,6,0,
2303,Recaudaciones para el sector público,2,4,15143.16,
2304,Valores en circulación y cupones por pagar,2,4,0,
230405,Bonos,2,6,0,
230410,Obligaciones,2,6,0,
230415,Otros títulos valores,2,6,0,
24,ACEPTACIONES EN CIRCULACIÓN,2,2,0,
2401,Dentro del plazo,2,4,0,
2402,Después del plazo,2,4,0,
25,CUENTAS POR PAGAR,2,2,5543112.94,
2501,Intereses por pagar,2,4,1684380.97,
250105,Depósitos a la vista,2,6,3512.6,
250110,Operaciones de reporto,2,6,0,
250115,Depósitos a plazo,2,6,1679931.77,
250120,Depósitos en garantía,2,6,0,
250125,Fondos interfinancieros comprados,2,6,0,
250130,Operaciones de reporto con instituciones financieras,2,6,0,
250135,Obligaciones financieras,2,6,0,
250140,Bonos,2,6,0,
250145,Obligaciones,2,6,0,
250150,Otros títulos valores,2,6,0,
250190,Otros,2,6,936.6,
2502,Comisiones por pagar,2,4,0,
2503,Obligaciones patronales,2,4,435684.19,
250305,Remuneraciones,2,6,0,
250310,Beneficios Sociales,2,6,114959.92,
250315,Aportes al IESS,2,6,46397.45,
250320,Fondo de reserva IESS,2,6,902.4,
250325,Participación a empleados,2,6,44160.11,
250330,"Gastos de responsabilidad, residencia y representación",2,6,0,
250390,Otras,2,6,229264.31,
2504,Retenciones,2,4,122712.33,
250405,Retenciones fiscales,2,6,23653.16,
250490,Otras retenciones,2,6,99059.17,
2505,"Contribuciones, impuestos y multas",2,4,93176.77,
250505,Impuesto a la renta,2,6,62464.1,
250510,Multas,2,6,0,
250590,Otras contribuciones e impuestos,2,6,30712.67,
2506,Proveedores,2,4,35684,
2507,Obligaciones por compra de cartera,2,4,0,
2508,Garantías crediticias subrogadas pendientes de recuperación,2,4,0,
250805,Créditos comerciales,2,6,0,
250815,Contingentes,2,6,0,
2510,Cuentas por pagar a establecimientos afiliados,2,4,0,
2511,Provisiones para aceptaciones y operaciones contingentes,2,4,0,
2590,Cuentas por pagar varias,2,4,3171474.68,
259010,Excedentes por pagar,2,6,0,
259015,Cheques girados no cobrados,2,6,9014.65,
259090,Otras cuentas por pagar,2,6,3162460.03,
26,Obligaciones financieras,2,2,7681405.5,
2601,Sobregiros,2,4,0,
2602,Obligaciones con instituciones financieras del país y sector financiero popular y solidario,2,4,0,
260205,De 1 a 30 días,,,0,
260210,De 31 a 90 días,2,6,0,
260215,De 91 a 180 días,2,6,0,
260220,De 181 a 360 días,2,6,0,
260225,De más de 360 días,2,6,0,
260250,De 1 a 30 días del sector financiero popular y solidario,2,6,0,
260255,De 31 a 90 días del sector financiero popular y solidario,2,6,0,
260260,De 91 a 180 días del sector financiero popular y solidario,2,6,0,
260265,De 181 a 360 días del sector financiero popular y solidario,2,6,0,
260270,De más de 360 días del sector financiero popular y solidario,2,6,0,
2603,Obligaciones con instituciones financieras del exterior,2,4,3000000,
260305,De 1 a 30 días,,,0,
260310,De 31 a 90 días,2,6,0,
260315,De 91 a 180 días,2,6,0,
260320,De 181 a 360 días,2,6,0,
260325,De más de 360 días,2,6,3000000,
2604,Obligaciones con entidades del grupo financiero en el país y grupo de economía popular y solidaria,2,4,0,
260405,De 1 a 30 días,,,0,
260410,De 31 a 90 días,2,6,0,
260415,De 91 a 180 días,2,6,0,
260420,De 181 a 360 días,2,6,0,
260425,De más de 360 días,2,6,0,
260450,De 1 a 30 días del sector financiero popular y solidario,2,6,0,
260455,De 31 a 90 días del sector financiero popular y solidario,2,6,0,
260460,De 91 a 180 días del sector financiero popular y solidario,2,6,0,
260465,De 181 a 360 días del sector financiero popular y solidario,2,6,0,
260470,De más de 360 días del sector financiero popular y solidario,2,6,0,
2606,Obligaciones con entidades financieras del sector público,2,4,4681405.5,
260605,De 1 a 30 días,,,153729.86,
260610,De 31 a 90 días,2,6,311095.95,
260615,De 91 a 180 días,2,6,378327.44,
260620,De 181 a 360 días,2,6,629388.32,
260625,De más de 360 días,2,6,3208863.93,
2607,Obligaciones con organismos multilaterales,2,4,0,
260705,De 1 a 30 días,,,0,
260710,De 31 a 90 días,2,6,0,
260715,De 91 a 180 días,2,6,0,
260720,De 181 a 360 días,2,6,0,
260725,De más de 360 días,2,6,0,
2608,Préstamos subordinados,2,4,0,
260805,De 1 a 30 días,,,0,
260810,De 31 a 90 días,2,6,0,
260815,De 91 a 180 días,2,6,0,
260820,De 181 a 360 días,2,6,0,
260825,De más de 360 días,2,6,0,
2609,Obligaciones con entidades del sector público,2,4,0,
260905,De 1 a 30 días,,,0,
260910,De 31 a 90 días,2,6,0,
260915,De 91 a 180 días,2,6,0,
260920,De 181 a 360 días,2,6,0,
260925,De más de 360 días,2,6,0,
2610,Obligaciones con el fondo de liquidez del sector financiero popular y solidario,2,4,0,
261005,Por créditos ordinarios,2,6,0,
261010,Por créditos extraordinarios,2,6,0,
2690,Otras obligaciones,2,4,0,
269005,De 1 a 30 días,,,0,
269010,De 31 a 90 días,2,6,0,
269015,De 91 a 180 días,2,6,0,
269020,De 181 a 360 días,2,6,0,
269025,De más de 360 días,2,6,0,
27,VALORES EN CIRCULACIÓN,2,2,0,
2701,Bonos,2,4,0,
270105,Bonos emitidos por entidades financieras públicas,2,6,0,
270115,Bonos emitidos por entidades financieras de la economía popular y solidaria,2,6,0,
2702,Obligaciones,2,4,0,
270205,Emitidas por instituciones financieras privadas y del sector financiero popular y solidario.,2,6,0,
270210,Emitidas por instituciones financieras públicas,2,6,0,
2703,Otros títulos valores,2,4,0,
270390,Otros títulos valores,2,6,0,
2790,Prima o descuento en colocación de valores en circulación,2,4,0,
29,OTROS PASIVOS,2,2,186651.7,
2901,Ingresos recibidos por anticipado,2,4,0,
290115,Rentas recibidas por anticipado,2,6,0,
290120,Afiliaciones y renovaciones,2,6,0,
290190,Otros,2,6,0,
2902,Consignación para pago de obligaciones,2,4,0,
2903,Fondos en administración,2,4,0,
2908,Transferencias internas,2,4,0,
2911,Subsidios del gobierno nacional,2,4,0,
291105,Subsidios recibidos por anticipado,2,6,0,
291110,Subsidios pendientes de liquidar,2,6,0,
2912,Minusvalía mercantil (Badwill),2,4,0,
2990,Otros,2,4,186651.7,
299005,Sobrantes de caja,2,6,36375.22,
299090,Varios,2,6,150276.48,
3,PATRIMONIO,3,1,12947395.66,
31,CAPITAL SOCIAL,3,2,3449847.92,
3101,Capital Pagado,3,4,0,
3103,Aportes de socios,3,4,3449847.92,
33,RESERVAS,3,2,8019593.72,
3301,Fondo Irrepartible de Reserva Legal,3,4,7070047.26,
330105,Reserva legal Irrepartible,3,6,6982533.04,
330110,Aportes de los socios para capitalización extraordinaria,3,6,0,
330115,Donaciones,3,6,87514.22,
3302,Generales,3,4,0,
3303,Especiales y Facultativas,3,4,949546.46,
3305,Revalorización del patrimonio,3,4,0,
3310,Por resultados no operativos,3,4,0,
34,OTROS APORTES PATRIMONIALES,3,2,0,
3401,OTROS APORTES PATRIMONIALES,3,4,0,
35,SUPERÁVIT POR VALUACIONES,3,2,1477954.02,
3501,"Superávit por valuación de propiedades, equipo y otros",3,4,1477954.02,
3502,Superávit por valuación de inversiones en acciones,3,4,0,
3504,Valuación de inversiones en instrumentos financieros,3,4,0,
36,RESULTADOS,3,2,0,
3601,Utilidades o excedentes acumuladas,3,4,0,
3602,(Pérdidas acumuladas),3,4,0,
3603,Utilidad o excedente del ejercicio,3,4,0,
3604,(Pérdida del ejercicio),3,4,0,
4,GASTOS,4,1,6648460.75,
41,INTERESES CAUSADOS,4,2,2705352.71,
4101,OBLIGACIONES CON EL PÚBLICO,4,4,2417874.58,
410105,Depósitos monetarios,4,6,0,
410110,Depósitos monetarios de instituciones financieras,4,6,0,
410115,Depósitos de ahorro,4,6,102318.02,
410120,Fondos de tarjetahabientes,4,6,0,
410125,Operaciones de reporto,4,6,0,
410130,Depósitos a plazo,4,6,2315555,
410135,Depósitos de garantía,4,6,0,
410140,Depósitos de cuenta básica,4,6,1.56,
410190,Otros,4,6,0,
4102,OPERACIONES INTERFINANCIERAS,4,4,0,
410205,Fondos financieros comprados,4,6,0,
410210,Operaciones de reporto con instituciones financieras,4,6,0,
4103,Obligaciones financieras,4,4,287478.13,
410305,Sobregiros,4,6,0,
410310,Obligaciones con instituciones financieras del país y del sector popular y solidario,4,6,0,
410315,Obligaciones con instituciones financieras del exterior,4,6,144000,
410320,Obligaciones con entidades del grupo financiero en el país y grupo de economía popular y solidaria,4,6,0,
410330,Obligaciones con entidades financieras del sector público,4,6,143478.13,
410335,Obligaciones con organismos multilaterales,4,6,0,
410340,Préstamos subordinados,4,6,0,
410345,Obligaciones con entidades del sector público,4,6,0,
410350,Otras obligaciones,4,6,0,
4104,Valores en circulación y obligaciones convertibles en acciones,4,4,0,
410405,Bonos,4,6,0,
410410,Obligaciones,4,6,0,
410415,Otros títulos valores,4,6,0,
4105,Otros intereses,4,4,0,
410590,Otros,4,6,0,
42,COMISIONES CAUSADAS,4,2,31013.16,
4201,Obligaciones financieras,4,4,0,
4202,Operaciones contingentes,4,4,0,
4203,Cobranzas,4,4,0,
4204,Por operaciones de permuta financiera,4,4,0,
4205,Servicios fiduciarios,4,4,31013.16,
4290,Varias,4,4,0,
43,PÉRDIDAS FINANCIERAS,4,2,16442.34,
4302,En valuación de inversiones,4,4,0,
4303,En venta de activos productivos,4,4,0,
430305,En venta de inversiones,4,6,0,
430310,En venta de cartera de créditos,4,6,0,
430390,Otras,4,6,0,
4304,Pérdidas por fideicomiso mercantil,4,4,0,
4305,Prima de inversiones en títulos valores,4,4,0,
4306,Primas en cartera comprada,4,4,16442.34,
44,PROVISIONES,4,2,466988.47,
4401,INVERSIONES,4,4,0,
4402,CARTERA DE CRÉDITOS,4,4,355569.72,
440210,Crédito productivo,4,6,428.12,
440220,Crédito de consumo,4,6,89379.11,
440230,Crédito inmobiliario,4,6,9677.95,
440235,Crédito de vivienda de interés social y público,4,6,0,
440240,Microcrédito,4,6,256084.54,
440245,Crédito educativo,4,6,0,
4403,CUENTAS POR COBRAR,4,4,111418.75,
4404,"Bienes realizables, adjudicados por pago y de arrendamiento mercantil",4,4,0,
4405,OTROS ACTIVOS,4,4,0,
4406,Operaciones contingentes,4,4,0,
4407,Operaciones interfinancieras y de reporto,4,4,0,
45,GASTOS DE OPERACIÓN,4,2,3215463.47,
4501,Gastos de personal,4,4,1250985.43,
450105,Remuneraciones mensuales,4,6,877253.73,
450110,Beneficios Sociales,4,6,114953.51,
450115,"Gastos de representación, residencia y responsabilidad",4,6,0,
450120,Aportes al IESS,4,6,105361.54,
450125,Impuesto a la renta del personal,4,6,0,
450130,Pensiones y jubilaciones,4,6,1644.3,
450135,Fondo de reserva IESS,4,6,55439.66,
450190,Otros,4,6,96332.69,
4502,Honorarios,4,4,319612.39,
450205,Directores,4,6,91968.52,
450210,Honorarios profesionales,4,6,227643.87,
4503,Servicios varios,4,4,660138.83,
450305,"Movilización, fletes y embalajes",4,6,36920.11,
450310,Servicios de guardianía,4,6,118056.72,
450315,Publicidad y propaganda,4,6,63787.46,
450320,Servicios básicos,4,6,197222.26,
450325,Seguros,4,6,47291.12,
450330,Arrendamientos,4,6,129013.25,
450390,Otros servicios,4,6,67847.91,
4504,"Impuestos, contribuciones y multas",4,4,408452.64,
450405,Impuestos Fiscales,4,6,31.61,
450410,Impuestos Municipales,4,6,68603.27,
450415,Aportes a la SEPS,4,6,42000,
450420,Aportes al COSEDE por prima fija,4,6,229923.91,
450421,Aportes al COSEDE por prima variable,4,6,0,
450430,Multas y otras sanciones,4,6,69.84,
450490,Impuestos y aportes para otros organismos e instituciones,4,6,67824.01,
4505,Depreciaciones,4,4,119815.91,
450505,Bienes arrendados,4,6,0,
450510,Bienes no utilizados por la institución,4,6,0,
450515,Edificios,4,6,8058.4,
450520,Otros locales,4,6,0,
450525,"Muebles, enseres y equipos de oficina",4,6,18722.89,
450530,Equipos de computación,4,6,36557.65,
450535,Unidades de transporte,4,6,3159,
450540,Equipos de construcción,4,6,0,
450590,Otros,4,6,53317.97,
4506,Amortizaciones,4,4,129933.46,
450605,Gastos anticipados,4,6,0,
450610,Gastos de constitución y organización,4,6,0,
450615,Gastos de instalación,4,6,48.15,
450620,Estudios,4,6,0,
450625,Programas de computación,4,6,39897.13,
450630,Gastos de adecuación,4,6,85508.16,
450635,Plusvalía mercantil,4,6,0,
450690,Otros,4,6,4480.02,
4507,Otros gastos,4,4,326524.81,
450705,Suministros diversos,4,6,69066.95,
450710,Donaciones,4,6,4984,
450715,Mantenimiento y reparaciones,4,6,121941.08,
450790,Otros,4,6,130532.78,
46,OTRAS PÉRDIDAS OPERACIONALES,4,2,0,
4601,Pérdida en acciones y participaciones,4,4,0,
4602,Pérdida en venta de bienes realizables y recuperados,4,4,0,
4690,Otras,4,4,0,
47,OTROS GASTOS Y PERDIDAS,4,2,106644.2,
4701,Pérdida en venta de bienes,4,4,0,
4702,Pérdida en venta de acciones y participaciones,4,4,0,
4703,Intereses y comisiones devengados en ejercicios anteriores,4,4,106644.2,
4790,Otros,4,4,0,
479005,Pérdida garantías concedidas no recuperadas,4,6,0,
479010,Otros,4,6,0,
48,IMPUESTOS Y PARTICIPACIÓN A EMPLEADOS,4,2,106556.4,
4810,Participación a empleados,4,4,44092.3,
4815,Impuesto a la renta,4,4,62464.1,
4890,Otros,4,4,0,
5,INGRESOS,5,1,6835853.07,
51,INTERESES Y DESCUENTOS GANADOS,5,2,6569084.5,
5101,Depósitos,5,4,53393.41,
510110,Depósitos en instituciones financieras e instituciones del sector financiero popular y solidario,5,6,53393.41,
510115,Overnight,5,6,0,
5102,OPERACIONES INTERFINANCIERAS,5,4,0,
510205,Fondos interfinancieras vendidos,5,6,0,
510210,Operaciones de reporto,5,6,0,
5103,Intereses y descuentos de inversiones en títulos valores,5,4,259399.85,
510305,Inversiones a valor razonable con cambios en el estado de resultados,5,6,0,
510310,Disponibles para la venta,5,6,0,
510315,Mantenidas hasta el vencimiento,5,6,259399.85,
510320,De disponibilidad restringida,5,6,0,
5104,Intereses y descuentos de cartera de créditos,5,4,6252056.92,
510405,Cartera de crédito productivo,5,6,5332.66,
510410,Cartera de crédito de consumo,5,6,3579398.8,
510415,Cartera de crédito inmobiliario,5,6,256523.43,
510420,Cartera de microcrédito,5,6,2329725.38,
510427,Cartera de crédito de vivienda de interés social y público,5,6,0,
510428,Cartera de crédito educativo,5,6,0,
510430,Cartera de créditos refinanciada,5,6,28575.5,
510435,Cartera de créditos reestructurada,5,6,12895.54,
510450,De mora,5,6,39605.61,
510455,Descuentos en cartera comprada,5,6,0,
5190,Otros intereses y descuentos,5,4,4234.32,
519005,Por pagos por cuenta de socios,5,6,0,
519090,Otros,5,6,4234.32,
52,COMISIONES GANADAS,5,2,9,
5201,CARTERA DE CRÉDITOS,5,4,0,
5202,DEUDORES POR ACEPTACIÓN,5,4,0,
5203,Avales,5,4,0,
5204,Fianzas,5,4,0,
5205,Cartas de Crédito,5,4,0,
5290,Otras,5,4,9,
53,UTILIDADES FINANCIERAS,5,2,0,
5302,En valuación de inversiones,5,4,0,
5303,En venta de activos productivos,5,4,0,
530305,En venta de inversiones,5,6,0,
530310,En venta de cartera de créditos,5,6,0,
530390,Otras,5,6,0,
5304,Rendimientos por fideicomiso mercantil,5,4,0,
5305,Arrendamiento financiero,5,4,0,
5390,Otros,5,4,0,
54,INGRESOS POR SERVICIOS,5,2,65512.34,
5401,Servicios fiduciarios,5,4,0,
5404,Manejo y cobranzas,5,4,0,
5405,Garantías crediticias otorgadas por la Corporación Nacional de Finanzas Populares y Solidarias,5,4,0,
5490,Otros servicios,5,4,65512.34,
549005,Tarifados con costo máximo,5,6,60489.67,
549010,Tarifados diferenciados,5,6,5022.67,
55,OTROS INGRESOS OPERACIONALES,5,2,0.29,
5501,Utilidades en acciones y participaciones,5,4,0,
5502,Utilidad en venta de bienes realizables y recuperados,5,4,0,
5503,Dividendos o excedentes por certificados de aportación,5,4,0,
5505,Ingresos por subsidios realizados,5,4,0,
5506,Ingresos por subsidios recuperados,5,4,0,
5590,Otros,5,4,0.29,
56,OTROS INGRESOS,5,2,201246.94,
5601,Utilidad en venta de bienes,5,4,0,
5602,Utilidad en venta de acciones y participaciones,5,4,0,
5603,Arrendamientos,5,4,0,
5604,Recuperaciones de activos financieros,5,4,123023.2,
560405,De activos castigados,5,6,42547.53,
560410,Reversión de provisiones,5,6,15710.11,
560415,Devolución de impuestos y multas,5,6,0,
560420,Intereses y comisiones de ejercicios anteriores,5,6,64765.56,
5690,Otros,5,4,78223.74,
59,Pérdidas y ganancias,5,2,0,
6,CUENTAS CONTINGENTES,6,1,0,
61,DEUDORAS,6,2,0,
6190,Otras cuentas contingentes deudoras,6,4,0,
64,ACREEDORAS,6,2,0,
6401,Avales,6,4,0,
640105,Avales comunes,6,6,0,
640110,Avales con garantía de instituciones financieras del exterior,6,6,0,
6402,Fianzas y garantías,6,4,0,
640205,Garantías aduaneras,6,6,0,
640210,Garantías Corporación Financiera Nacional,6,6,0,
640211,Garantías Corporación Nacional de Finanzas Populares y Solidarias,6,6,0,
640215,Fianzas con garantía de instituciones financieras del exterior,6,6,0,
640290,Otras,6,6,0,
6403,Cartas de Crédito,6,4,0,
640305,Emitidas por la institución,6,6,0,
640310,Emitidas por cuenta de la institución,6,6,0,
640315,Confirmadas,6,6,0,
6404,Créditos aprobados no desembolsados,6,4,0,
640405,Cartera de crédito productivo,6,6,0,
640410,Cartera de crédito de consumo,6,6,0,
640415,Cartera de crédito inmobiliario,6,6,0,
640420,Cartera de microcrédito,6,6,0,
640440,Cartera de crédito de vivienda de interés social y público,6,6,0,
640445,Cartera de crédito educativo,6,6,0,
6405,Compromisos futuros,6,4,0,
640505,Riesgo asumido por cartera vendida,6,6,0,
640510,Riesgo asumido en cartera permutada,6,6,0,
640590,Otros compromisos,6,6,0,
6412,Garantías concedidas por el sistema de garantía crediticio,6,4,0,
641205,Por operaciones vigentes,6,6,0,
641210,Por operaciones pendientes de reclamo,6,6,0,
6490,Otras cuentas contingentes acreedoras,6,4,0,
7,CUENTAS DE ORDEN,7,1,286341907.19,
71,CUENTAS DE ORDEN DEUDORAS,7,2,41630245.25,
7101,Valores y bienes propios en poder de terceros,7,4,3396402.48,
710105,En cobranza,7,6,0,
710110,En custodia,7,6,3396402.48,
710190,Otros,7,6,0,
7102,Activos propios en poder de terceros entregados en garantía,7,4,21062609.6,
710205,Inversiones a valor razonable con cambios en el estado de resultados,7,6,0,
710210,Inversiones disponibles para la venta,7,6,0,
710215,Inversiones mantenidas hasta el vencimiento,7,6,0,
710220,Inversiones de disponibilidad restringida,7,6,0,
710225,Cartera de crédito productivo,7,6,1490752,
710230,Cartera de crédito de consumo,7,6,6025447,
710235,Cartera de crédito inmobiliario,7,6,5672273.6,
710240,Cartera de microcrédito,7,6,7874137,
710260,Cartera de crédito de vivienda de interés social y público,7,6,0,
710261,Cartera de crédito educativo,7,6,0,
710265,Cartera de créditos refinanciada,7,6,0,
710270,Cartera de créditos reestructurada,7,6,0,
710275,Bienes muebles,7,6,0,
710280,Bienes inmuebles,7,6,0,
710290,OTROS ACTIVOS,7,6,0,
7103,Activos castigados,7,4,4020749.06,
710305,INVERSIONES,7,6,0,
710310,CARTERA DE CRÉDITOS,7,6,1777230.54,
710315,DEUDORES POR ACEPTACIÓN,7,6,0,
710320,CUENTAS POR COBRAR,7,6,2223726.02,
710325,"BIENES REALIZABLES, ADJUDICADOS POR PAGO, DE ARRENDAMIENTO MERCANTIL Y NO UTILIZADOS POR LA INSTITUCIÓN",7,6,0,
710330,OTROS ACTIVOS,7,6,19792.5,
7104,Líneas de crédito no utilizadas,7,4,350000,
710405,Del país,7,6,350000,
710410,Del exterior,7,6,0,
7105,Operaciones activas con empresas vinculadas,7,4,1234137,
710505,INVERSIONES,7,6,0,
710510,CARTERA DE CRÉDITOS,7,6,1234137,
710515,DEUDORES POR ACEPTACIÓN,7,6,0,
710520,CUENTAS POR COBRAR,7,6,0,
710525,"BIENES REALIZABLES, ADJUDICADOS POR PAGO, DE ARRENDAMIENTO MERCANTIL Y NO UTILIZADOS POR LA INSTITUCIÓN",7,6,0,
710530,OTROS ACTIVOS,7,6,0,
710535,Operaciones contingentes,7,6,0,
7106,Operaciones activas con entidades del grupo financiero,7,4,0,
710605,INVERSIONES,7,6,0,
710610,CARTERA DE CRÉDITOS,7,6,0,
710615,DEUDORES POR ACEPTACIÓN,7,6,0,
710620,CUENTAS POR COBRAR,7,6,0,
710625,"Bienes realizables, adjudicados por pago y arrendamiento mercantil",7,6,0,
710630,OTROS ACTIVOS,7,6,0,
710635,Operaciones contingentes,7,6,0,
7107,Cartera de créditos y otros activos en demanda judicial,7,4,611175.42,
710705,Cartera de crédito productivo,7,6,7,
710710,Cartera de crédito de consumo,7,6,133838.06,
710715,Cartera de créditos Inmobiliario,7,6,1,
710720,Cartera de microcrédito,7,6,477329.36,
710740,Cartera de crédito de vivienda de interés social y público,7,6,0,
710741,Cartera de crédito educativo,7,6,0,
710745,Cartera de créditos refinanciada,7,6,0,
710750,Cartera de créditos reestructurada,7,6,0,
710755,INVERSIONES,7,6,0,
710760,CUENTAS POR COBRAR,7,6,0,
710790,OTROS ACTIVOS,7,6,0,
7108,Cartera comprada a entidades en liquidación o adquirida por procesos de fusión,7,4,10097.58,
710805,Provisión diferida cartera comprada a entidades en liquidación o adquirida por procesos de fusión,7,6,0,
710810,Saldo cartera comprada a entidades en liquidación o adquirida por procesos de fusión,7,6,10097.58,
7109,"Intereses, comisiones e ingresos en suspenso",7,4,3607515.75,
710905,Cartera de crédito productivo,7,6,25267.82,
710910,Cartera de crédito de consumo,7,6,302488.26,
710915,Cartera de crédito inmobiliario,7,6,12880.38,
710920,Cartera de microcrédito,7,6,442929.04,
710940,Cartera de crédito de vivienda de interés social y público,7,6,0,
710941,Cartera de crédito educativo,7,6,0,
710945,Cartera de créditos refinanciada,7,6,13228.59,
710950,Cartera de créditos reestructurada,7,6,51835.65,
710990,Otros,7,6,2758886.01,
7110,Contrato de arrendamiento mercantil financiero,7,4,0,
711005,Cánones por recibir,7,6,0,
711010,Opción en compra,7,6,0,
711015,Descuentos concedidos,7,6,0,
7111,Activos adquiridos por procesos de fusión,7,4,0,
711105,INVERSIONES,7,6,0,
711110,Cuentas por cobrar sujetas a provisión,7,6,0,
711115,Otros activos sujetos a provisión,7,6,0,
711120,Provisión diferida,7,6,0,
7113,Inversiones por vencimiento,7,4,0,
711305,Corto plazo,7,6,0,
711310,Largo plazo,7,6,0,
7117,Cartera entregada para procesos de titularización,7,4,3443269.39,
711710,Cartera de crédito productivo,7,6,0,
711720,Cartera de crédito de consumo,7,6,3443269.39,
711730,Cartera de crédito de vivienda de interés social y público,7,6,0,
711735,Cartera de créditos Inmobiliario,7,6,0,
711740,Cartera de microcréditos,7,6,0,
711745,Cartera de créditos educativo,7,6,0,
7190,Otras cuentas de orden deudoras,7,4,3894288.97,
719005,Cobertura de seguros,7,6,3894288.97,
719010,Multas e impuestos en reclamo,7,6,0,
719015,Títulos por emitir,7,6,0,
719020,Títulos emitidos no vendidos,7,6,0,
719025,Títulos propia emisión recomprados,7,6,0,
719035,Títulos y cupones por incinerar,7,6,0,
719045,Títulos de inversiones comprados con pacto de reventa,7,6,0,
719050,Prima en compra de cartera,7,6,0,
719090,Otras cuentas de orden,7,6,0,
74,CUENTAS DE ORDEN ACREEDORAS,7,2,244711661.94,
7401,Valores y bienes recibidos de terceros,7,4,239689362.43,
740105,En cobranza,7,6,0,
740110,Documentos en garantía,7,6,172891893.47,
740115,Valores fiduciarios en garantía,7,6,0,
740120,Bienes inmuebles en garantía,7,6,60782589.71,
740125,Otros bienes en garantía,7,6,5137271.38,
740130,En custodia,7,6,877607.87,
740135,En administración,7,6,0,
740140,En comodato,7,6,0,
740150,Cartera de crédito productivo en administración,7,6,0,
740160,Cartera de crédito consumo en administración,7,6,0,
740170,Cartera de crédito de vivienda de interés social y público en administración,7,6,0,
740175,Cartera de crédito inmobiliario en administración,7,6,0,
740180,Cartera de microcréditos en administración,7,6,0,
740185,Cartera de crédito educativo en administración,7,6,0,
7402,Operaciones pasivas con empresas vinculadas,7,4,0,
740205,OBLIGACIONES CON EL PÚBLICO,7,6,0,
740210,Obligaciones interfinancieras,7,6,0,
740215,OBLIGACIONES INMEDIATAS,7,6,0,
740220,ACEPTACIONES EN CIRCULACIÓN,7,6,0,
740225,CUENTAS POR PAGAR,7,6,0,
740230,Obligaciones financieras,7,6,0,
740235,VALORES EN CIRCULACIÓN,7,6,0,
740245,OTROS PASIVOS,7,6,0,
740250,Contingentes,7,6,0,
7403,Operaciones Pasivas con empresas subsidiarias y afiliadas,7,4,0,
740305,OBLIGACIONES CON EL PÚBLICO,7,6,0,
740310,Obligaciones interfinancieras,7,6,0,
740315,OBLIGACIONES INMEDIATAS,7,6,0,
740320,ACEPTACIONES EN CIRCULACIÓN,7,6,0,
740325,CUENTAS POR PAGAR,7,6,0,
740330,Obligaciones financieras,7,6,0,
740335,VALORES EN CIRCULACIÓN,7,6,0,
740345,OTROS PASIVOS,7,6,0,
740350,Contingentes,7,6,0,
7404,Depósitos y otras captaciones no cubiertas por El Fondo de Seguro de Depósito,7,4,0,
740405,OBLIGACIONES CON EL PÚBLICO,7,6,0,
740410,OBLIGACIONES INMEDIATAS,7,6,0,
7405,Descuentos en compras de cartera,7,4,0,
740505,Descuento en compra de cartera a entidades en liquidación,7,6,0,
740510,Descuento en compra de cartera a entidades activas,7,6,0,
7406,Deficiencia de provisiones,7,4,0,
740605,INVERSIONES,7,6,0,
740610,CARTERA DE CRÉDITOS,7,6,0,
740615,DEUDORES POR ACEPTACIÓN,7,6,0,
740620,CUENTAS POR COBRAR,7,6,0,
740625,Bienes adjudicados por pago y arrendamiento mercantil,7,6,0,
740630,OTROS ACTIVOS,7,6,0,
740635,Operaciones contingentes,7,6,0,
7407,Depósitos de entidades del sector público,7,4,177928.57,
740705,Depósitos monetarios,7,6,0,
740710,Depósitos de ahorro,7,6,0,
740715,Otros depósitos,7,6,0,
740720,Operaciones de reporto,7,6,0,
740725,Depósitos a plazo,7,6,177928.57,
740730,Depósitos por confirmar,7,6,0,
7408,Origen de capital,7,4,0,
740815,Reinversión,7,6,0,
740820,Revalorización del patrimonio,7,6,0,
7409,Valores y bienes recibidos en fideicomiso mercantil,7,4,0,
740905,En garantía,7,6,0,
740910,En administración,7,6,0,
740915,Inmobiliarios,7,6,0,
740920,Inversiones de disponibilidad restringida,7,6,0,
740925,Cartera de crédito,7,6,0,
740965,Cartera de créditos refinanciada,7,6,0,
740970,Cartera de créditos reestructurada,7,6,0,
740975,Bienes muebles,7,6,0,
740980,Bienes inmuebles,7,6,0,
740985,OTROS ACTIVOS,7,6,0,
740990,Otros,7,6,0,
7410,Capital suscrito no pagado,7,4,0,
7411,Pasivos adquiridos,7,4,0,
741105,Depósitos a la vista,7,6,0,
741110,Operaciones de reporto,7,6,0,
741115,Depósitos a plazo,7,6,0,
741120,OPERACIONES INTERFINANCIERAS,7,6,0,
741125,OBLIGACIONES INMEDIATAS,7,6,0,
741130,CUENTAS POR PAGAR,7,6,0,
741135,Obligaciones financieras,7,6,0,
741140,OTROS PASIVOS,7,6,0,
7412,Orden de prelación,7,4,0,
741205,Pasivos garantizados conforme a la ley,7,6,0,
741210,Costas judiciales causadas en interés común de los acreedores,7,6,0,
741215,Deudas con trabajadores e IESS,7,6,0,
741220,"Impuestos, tasas y contribuciones",7,6,0,
741225,Obligaciones por depósitos y captaciones del público,7,6,0,
741230,Otros créditos de acuerdo al orden y forma determinados en el Código Civil,7,6,0,
741235,"Accionistas, administradores y vinculados",7,6,0,
7414,Provisiones constituidas,7,4,1689759.14,
741401,Provisión cartera refinanciada crédito productivo,7,6,0,
741402,Provisión cartera refinanciada consumo,7,6,0,
741403,Provisión cartera refinanciada inmobiliaria,7,6,0,
741404,Provisión cartera refinanciada microcrédito,7,6,0,
741409,Provisión cartera reestructurada crédito productivo,7,6,1,
741410,Provisión cartera reestructurada consumo,7,6,62248.03,
741411,Provisión cartera reestructurada inmobiliaria,7,6,0,
741412,Provisión cartera reestructurada microcrédito,7,6,0,
741415,Provisión genérica por tecnología crediticia cartera de crédito productivo,7,6,0,
741416,Provisión genérica por tecnología crediticia cartera de crédito inmobiliario,7,6,0,
741417,Provisión genérica por tecnología crediticia cartera de consumo,7,6,249852.28,
741418,Provisión genérica por tecnología crediticia cartera de microcrédito,7,6,127993.45,
741419,Provisión genérica por tecnología crediticia cartera de crédito educativo,7,6,0,
741420,Provisión genérica voluntaria cartera de crédito productivo,7,6,0,
741421,Provisión genérica voluntaria cartera consumo,7,6,0,
741422,Provisión genérica voluntaria cartera inmobiliaria,7,6,0,
741423,Provisión genérica voluntaria cartera microcrédito,7,6,1249664.38,
741426,Provisión genérica por tecnología crediticia cartera de vivienda de interés social y público,7,6,0,
741428,Provisión genérica voluntaria cartera refinanciada,7,6,0,
741429,Provisión genérica voluntaria cartera reestructurada,7,6,0,
741431,Provisión cartera refinanciada de vivienda de interés social y público,7,6,0,
741432,Provisión cartera refinanciada educativo,7,6,0,
741435,Provisión cartera reestructurada de vivienda de interés social y público,7,6,0,
741436,Provisión cartera reestructurada educativo,7,6,0,
741440,Provisión genérica voluntaria cartera de vivienda de interés social y público ,7,6,0,
741441,Provisión genérica voluntaria cartera de crédito educativo,7,6,0,
7415,Depósitos o captaciones constituidos como garantía de préstamos,7,4,3154611.8,
741505,Cartera de crédito productivo,7,6,0,
741510,Cartera de consumo,7,6,3115258.4,
741515,Cartera de crédito inmobiliario,7,6,0,
741520,Cartera de microcrédito,7,6,39353.4,
741540,Cartera de crédito de vivienda de interés social y público,7,6,0,
741545,Cartera de crédito educativo,7,6,0,
7416,Intereses pagados por depósitos o captaciones constituidos como garantía de préstamos,7,4,0,
741605,Depósitos a la vista,7,6,0,
741610,Depósitos a plazo,7,6,0,
7417,Operaciones de financiamiento afianzadas,7,4,0,
741705,Créditos productivos,7,6,0,
741710,Microcréditos,7,6,0,
741715,Contingentes,7,6,0,
7490,Otras cuentas de orden acreedoras,7,4,0,
749010,Cartas de crédito avisadas,7,6,0,
749015,Aportes futuros del gobierno para capital,7,6,0,
749020,Créditos aprobados no instrumentados,7,6,0,
749025,Compensaciones para programas de créditos,7,6,0,
749090,Otras,7,6,0,
